{"cameraMode":{"drawMode":0,"name":"Shaded","section":"Shading Mode"},"sceneLighting":true,"audioPlay":false,"sceneViewState":{"m_AlwaysRefresh":false,"showFog":true,"showSkybox":true,"showFlares":true,"showImageEffects":true,"showParticleSystems":true,"showVisualEffectGraphs":true,"m_FxEnabled":true},"in2DMode":false,"pivot":{"x":-21.367671966552736,"y":27.60483169555664,"z":-46.862911224365237},"rotation":{"x":0.022790467366576196,"y":-0.03716903179883957,"z":0.0007907679537311196,"w":0.9989057779312134},"size":2.14607310295105,"orthographic":false}