{"cameraMode":{"drawMode":0,"name":"Shaded","section":"Shading Mode"},"sceneLighting":true,"audioPlay":false,"sceneViewState":{"m_AlwaysRefresh":false,"showFog":true,"showSkybox":false,"showFlares":true,"showImageEffects":true,"showParticleSystems":true,"showVisualEffectGraphs":true,"m_FxEnabled":true},"in2DMode":false,"pivot":{"x":-0.03370650112628937,"y":0.8500393033027649,"z":-0.1309884488582611},"rotation":{"x":0.20674583315849305,"y":0.06920117139816284,"z":-0.014675265178084374,"w":0.9756895303726196},"size":1.0409005880355836,"orthographic":false}