{"cameraMode":{"drawMode":0,"name":"Shaded","section":"Shading Mode"},"sceneLighting":false,"audioPlay":false,"sceneViewState":{"m_AlwaysRefresh":false,"showFog":true,"showSkybox":false,"showFlares":true,"showImageEffects":true,"showParticleSystems":true,"showVisualEffectGraphs":true,"m_FxEnabled":true},"in2DMode":false,"pivot":{"x":-0.023663878440856935,"y":-0.15532052516937257,"z":-0.0105515718460083},"rotation":{"x":0.20674583315849305,"y":0.06920117139816284,"z":-0.014675265178084374,"w":0.9756895303726196},"size":2.8841536045074465,"orthographic":false}